Type,Precision (P),Recall (R),Residual Recall (R+),F1,"# of TP","# of FP","# of FN","# of Correspondences",Time,Time (HH:MM:SS)
ALL,0.9929078014184397,0.18469656992084432,0.012131715771230503,0.31145717463848716,280,2,1236,282,420618740600,00:07:00
CLASSES,0.9929078014184397,0.18469656992084432,0.012131715771230503,0.31145717463848716,280,2,1236,282,-,-
PROPERTIES,0.0,0.0,0.0,0.0,0,0,0,0,-,-
INSTANCES,0.0,0.0,0.0,0.0,0,0,0,0,-,-
